district,icu_beds,ventilators_invasive,ventilators_non_invasive
TVM,99,24,55
KLM,139,74,4
PTA,131,78,53
ALP,66,29,23
KTM,36,11,46
IDK,55,18,26
EKM,135,94,65
TSR,41,22,26
PKD,110,51,30
MLP,38,47,15
KKD,120,31,14
WYD,52,55,25
KNR,69,62,12
KSD,13,23,18
KERALA,1104,619,412
